Model,MSE
Random Forest,0.0111703692678734
XGBoost,0.01053899568888147
Linear Regression,0.023029894230111148
LightGBM,0.010088640104460754
